aa_protocol,aa_fish,Day,Month,Year,Vessel,FishingGear,Substrate,Depth,TotalLength,StandardLength,TotalWeight,GonadWeight,LiverWeight,Sex,GonadStage,Age
1,1,11,11,2013,Constantinos,trammel,mud,48.6,165,128,34.891,,0.471,female,3,
1,2,11,11,2013,Constantinos,trammel,mud,48.6,201,155,70.585,,0.515,female,3,5
1,3,11,11,2013,Constantinos,trammel,mud,48.6,211,159,80.415,2.026,0.214,female,3,
1,4,11,11,2013,Constantinos,trammel,mud,48.6,195,146,51.962,0.365,0.0425,female,1,
1,5,11,11,2013,Constantinos,trammel,mud,48.6,159,120,28.849,0.355,,female,1,
1,6,11,11,2013,Constantinos,trammel,mud,48.6,178,135,44.59,1.275,0.216,female,2,
1,7,11,11,2013,Constantinos,trammel,mud,48.6,176,134,43.173,0.568,0.126,female,2,
1,8,11,11,2013,Constantinos,trammel,mud,48.6,159,119,26.354,0.202,0.031,male,2,2
1,9,11,11,2013,Constantinos,trammel,mud,48.6,176,132,32.347,0.178,0.062,male,2,4
1,10,11,11,2013,Constantinos,trammel,mud,48.6,163,123,32.165,0.231,0.107,male,2,5
1,11,11,11,2013,Constantinos,trammel,mud,48.6,163,121,29.71,0.159,0.0075,female,2,3
1,12,11,11,2013,Constantinos,trammel,mud,48.6,161,122,28.489,0.125,,female,2,2
1,13,11,11,2013,Constantinos,trammel,mud,48.6,155,119,25.559,0.187,0.015,female,2,2
1,14,11,11,2013,Constantinos,trammel,mud,48.6,153,116,24.361,0.246,,male,2,2
2,15,17,11,2013,Constantinos-Maria,trawl,rocky,67.5,151,112,24.001,0.031,0.0826,male,1,2
2,16,17,11,2013,Constantinos-Maria,trawl,rocky,67.5,160,120,24.022,0.038,0.128,female,2,2
2,17,17,11,2013,Constantinos-Maria,trawl,rocky,67.5,172,129,28.74,0.387,0.265,female,2,3
2,18,17,11,2013,Constantinos-Maria,trawl,rocky,67.5,155,115,24.766,0.216,,female,2,3
2,19,17,11,2013,Constantinos-Maria,trawl,rocky,67.5,164,124,28.806,0.38,0.0338,female,2,3
2,20,17,11,2013,Constantinos-Maria,trawl,rocky,67.5,157,120,23.976,0.159,0.044,female,3,3
2,21,17,11,2013,Constantinos-Maria,trawl,rocky,67.5,158,118,26.369,0.34,,female,3,3
2,22,17,11,2013,Constantinos-Maria,trawl,rocky,67.5,130,101,17.156,0.0158,0.035,male,0,3
2,23,17,11,2013,Constantinos-Maria,trawl,rocky,67.5,135,103,15.417,0.017,0.02,male,4,
2,24,17,11,2013,Constantinos-Maria,trawl,rocky,67.5,141,105,19.744,0.015,0.06,male,4,3
2,25,17,11,2013,Constantinos-Maria,trawl,rocky,67.5,165,126,31.385,0.142,0.0314,female,2,3
2,26,17,11,2013,Constantinos-Maria,trawl,rocky,67.5,162,124,29.02,0.592,0.118,female,3,3
2,27,17,11,2013,Constantinos-Maria,trawl,rocky,67.5,144,109,23.556,0.055,,female,0,2
2,28,17,11,2013,Constantinos-Maria,trawl,rocky,67.5,110,84,11.345,0.027,,male,1,1
2,29,17,11,2013,Constantinos-Maria,trawl,rocky,67.5,120,91,13.392,0.057,0.041,male,2,3
2,30,17,11,2013,Constantinos-Maria,trawl,rocky,67.5,134,100,18.16,0.038,0.074,female,1,3
2,31,17,11,2013,Constantinos-Maria,trawl,rocky,67.5,135,102,18.092,0.013,,female,1,2
2,32,17,11,2013,Constantinos-Maria,trawl,rocky,67.5,183,141,38.053,0.413,0.203,female,2,3
2,33,17,11,2013,Constantinos-Maria,trawl,rocky,67.5,145,108,20.764,0.044,,female,2,3
2,34,17,11,2013,Constantinos-Maria,trawl,rocky,67.5,112,86,9.857,0.036,,male,2,2
2,35,17,11,2013,Constantinos-Maria,trawl,rocky,67.5,120,94,14.361,0.24,0.015,female,2,3
2,36,17,11,2013,Constantinos-Maria,trawl,rocky,67.5,148,111,23.931,0.019,0.06,male,1,3
2,37,17,11,2013,Constantinos-Maria,trawl,rocky,67.5,161,123,29.586,,0.073,immature,0,3
2,38,17,11,2013,Constantinos-Maria,trawl,rocky,67.5,165,126,25.639,0.179,0.051,female,3,3
2,39,17,11,2013,Constantinos-Maria,trawl,rocky,67.5,165,128,30.182,0.358,0.02,female,2,3
2,40,17,11,2013,Constantinos-Maria,trawl,rocky,67.5,140,106,18.423,0.042,,immature,0,2
2,41,17,11,2013,Constantinos-Maria,trawl,rocky,67.5,117,88,10.543,0.041,0.008,female,2,1
2,42,17,11,2013,Constantinos-Maria,trawl,rocky,67.5,154,117,22.586,0.416,0.064,female,3,3
2,43,17,11,2013,Constantinos-Maria,trawl,rocky,67.5,173,132,35.683,0.701,0.102,female,2,3
2,44,17,11,2013,Constantinos-Maria,trawl,rocky,67.5,164,123,30.03,0.142,0.139,female,2,3
2,45,17,11,2013,Constantinos-Maria,trawl,rocky,67.5,115,86,10.121,0.08,,male,1,2
2,46,17,11,2013,Constantinos-Maria,trawl,rocky,67.5,127,94,13.616,0.066,0.009,female,2,1
2,47,17,11,2013,Constantinos-Maria,trawl,rocky,67.5,146,111,20.926,,0.058,immature,0,2
3,48,12,11,2013,Ag.Georgios,trammel,rocky,27.5,142,109,21.26,0.615,0.193,female,3,2
3,49,12,11,2013,Ag.Georgios,trammel,rocky,27.5,165,127,37.65,1.533,0.462,female,3,2
3,50,12,11,2013,Ag.Georgios,trammel,rocky,27.5,165,126,34.806,0.227,0.283,female,3,3
3,51,12,11,2013,Ag.Georgios,trammel,rocky,27.5,153,114,28.162,0.021,0.127,male,1,2
3,52,12,11,2013,Ag.Georgios,trammel,rocky,27.5,190,151,52.084,1.293,0.303,female,3,2
3,53,12,11,2013,Ag.Georgios,trammel,rocky,27.5,160,122,28.656,1.121,0.309,female,3,2
3,54,12,11,2013,Ag.Georgios,trammel,rocky,27.5,170,128,39.753,0.291,0.33,female,3,3
3,55,12,11,2013,Ag.Georgios,trammel,rocky,27.5,163,124,33.297,0.025,0.394,immature,0,2
4,56,21,11,2013,Dionysis,gill,mud,79.2,168,126,30.433,0.042,0.129,male,2,3
4,57,21,11,2013,Dionysis,gill,mud,79.2,147,113,22.602,0.03,0.295,male,1,3
4,58,21,11,2013,Dionysis,gill,mud,79.2,205,159,63.16,4.408,3.046,male,3,4
4,59,21,11,2013,Dionysis,gill,mud,79.2,202,155,59.621,1.391,0.498,male,4,4
4,60,21,11,2013,Dionysis,gill,mud,79.2,203,158,59.547,1.213,0.463,female,3,5
4,61,21,11,2013,Dionysis,gill,mud,79.2,165,130,36.86,0.63,0.38,female,3,2
4,62,21,11,2013,Dionysis,gill,mud,79.2,214,162,73.205,1.711,0.619,female,3,
4,63,21,11,2013,Dionysis,gill,mud,79.2,188,143,44.073,0.325,0.226,female,3,3
4,64,21,11,2013,Dionysis,gill,mud,79.2,176,134,44.005,0.41,0.53,female,3,2
4,65,21,11,2013,Dionysis,gill,mud,79.2,185,140,45.574,0.06,,male,1,3
4,66,21,11,2013,Dionysis,gill,mud,79.2,208,158,68.273,1.853,0.43,female,3,3
4,67,21,11,2013,Dionysis,gill,mud,79.2,191,146,52.863,0.636,0.441,female,3,4
5,68,8,12,2013,Constantinos-Maria,trawl,mud,67.5,194,150,51.018,0.305,0.54,female,4,3
5,69,8,12,2013,Constantinos-Maria,trawl,mud,67.5,167,131,29.6,0.187,0.368,female,4,3
5,70,8,12,2013,Constantinos-Maria,trawl,mud,67.5,170,131,31.302,0.169,0.459,female,4,3
5,71,8,12,2013,Constantinos-Maria,trawl,mud,67.5,148,112,23.401,0.032,0.267,male,4,2
5,72,8,12,2013,Constantinos-Maria,trawl,mud,67.5,120,93,13.82,,0.1,immature,1,4
5,73,8,12,2013,Constantinos-Maria,trawl,mud,67.5,157,122,27.806,0.057,0.298,male,2,3
5,74,8,12,2013,Constantinos-Maria,trawl,mud,67.5,155,122,28.363,0.233,0.208,female,2,3
5,75,8,12,2013,Constantinos-Maria,trawl,mud,67.5,160,120,28.385,0.066,0.246,female,4,3
5,76,8,12,2013,Constantinos-Maria,trawl,mud,67.5,168,127,33.455,0.144,0.182,female,4,2
5,77,8,12,2013,Constantinos-Maria,trawl,mud,67.5,179,140,40.64,0.196,0.23,female,4,3
5,78,8,12,2013,Constantinos-Maria,trawl,mud,67.5,162,124,31.174,0.019,0.425,male,2,4
5,79,8,12,2013,Constantinos-Maria,trawl,mud,67.5,123,95,14.506,0.064,,male,2,4
5,80,8,12,2013,Constantinos-Maria,trawl,mud,67.5,143,108,21.807,0.156,0.105,female,2,2
5,81,8,12,2013,Constantinos-Maria,trawl,mud,67.5,165,131,33.336,0.283,0.425,female,2,3
5,82,8,12,2013,Constantinos-Maria,trawl,mud,67.5,153,118,25.723,0.196,0.093,female,2,3
5,83,8,12,2013,Constantinos-Maria,trawl,mud,67.5,169,131,36.104,0.202,0.438,female,4,3
5,84,8,12,2013,Constantinos-Maria,trawl,mud,67.5,154,117,23.514,0.147,0.01,female,4,3
5,85,8,12,2013,Constantinos-Maria,trawl,mud,67.5,153,116,27.753,,0.32,immature,0,3
5,86,8,12,2013,Constantinos-Maria,trawl,mud,67.5,141,109,20.144,,0.068,immature,0,3
5,87,8,12,2013,Constantinos-Maria,trawl,mud,67.5,163,123,31.202,0.005,0.131,male,4,3
5,88,8,12,2013,Constantinos-Maria,trawl,mud,67.5,200,153,54.921,0.313,0.395,female,4,4
5,89,8,12,2013,Constantinos-Maria,trawl,mud,67.5,174,134,39.514,0.38,0.181,female,4,3
5,90,8,12,2013,Constantinos-Maria,trawl,mud,67.5,142,108,20.419,0.021,0.046,male,1,3
5,91,8,12,2013,Constantinos-Maria,trawl,mud,67.5,165,127,29.471,0.229,0.245,female,4,3
5,92,8,12,2013,Constantinos-Maria,trawl,mud,67.5,171,130,33.682,0.21,0.193,female,4,3
5,93,8,12,2013,Constantinos-Maria,trawl,mud,67.5,127,96,14.778,0.013,0.13,male,4,3
5,94,8,12,2013,Constantinos-Maria,trawl,mud,67.5,157,118,26.064,0.01,0.209,male,4,3
5,95,8,12,2013,Constantinos-Maria,trawl,mud,67.5,158,120,27.845,0.216,0.033,female,4,3
5,96,8,12,2013,Constantinos-Maria,trawl,mud,67.5,133,100,18.073,0.056,0.133,female,4,2
5,97,8,12,2013,Constantinos-Maria,trawl,mud,67.5,145,110,21.959,0.112,0.085,female,4,2
5,98,8,12,2013,Constantinos-Maria,trawl,mud,67.5,157,120,27.804,0.226,0.277,female,4,3
5,99,8,12,2013,Constantinos-Maria,trawl,mud,67.5,166,130,33.212,0.039,,male,,3
5,100,8,12,2013,Constantinos-Maria,trawl,mud,67.5,137,102,19.151,,0.103,immature,0,2
5,101,8,12,2013,Constantinos-Maria,trawl,mud,67.5,174,135,37.065,0.276,0.369,female,4,3
5,102,8,12,2013,Constantinos-Maria,trawl,mud,67.5,179,137,38.805,0.255,0.162,female,4,3
5,103,8,12,2013,Constantinos-Maria,trawl,mud,67.5,164,124,32.88,,,immature,0,
5,104,8,12,2013,Constantinos-Maria,trawl,mud,67.5,137,104,20.52,0.016,0.096,immature,1,2
5,105,8,12,2013,Constantinos-Maria,trawl,mud,67.5,177,134,37.866,0.045,0.254,male,1,3
6,106,20,12,2013,Patra2,trawl,mud,52.23,174,134,39.635,0.163,0.385,female,4,
6,107,20,12,2013,Patra2,trawl,mud,52.23,160,120,28.438,,0.361,male,1,3
6,108,20,12,2013,Patra2,trawl,mud,52.23,180,137,33.008,0.119,0.094,male,4,3
6,109,20,12,2013,Patra2,trawl,mud,52.23,151,113,23.329,0.026,0.191,male,1,2
6,110,20,12,2013,Patra2,trawl,mud,52.23,140,106,20.078,0.011,0.144,immature,0,2
6,111,20,12,2013,Patra2,trawl,mud,52.23,185,145,47.148,0.202,0.549,female,4,3
6,112,20,12,2013,Patra2,trawl,mud,52.23,182,140,37.741,0.197,0.249,female,4,4
6,113,20,12,2013,Patra2,trawl,mud,52.23,176,135,36.967,0.172,0.164,female,4,4
6,114,20,12,2013,Patra2,trawl,mud,52.23,162,122,29.8,0.013,0.15,male,4,3
6,115,20,12,2013,Patra2,trawl,mud,52.23,158,120,29.7,0.21,,female,4,3
6,116,20,12,2013,Patra2,trawl,mud,52.23,184,138,45.244,0.038,0.261,female,2,4
6,117,20,12,2013,Patra2,trawl,mud,52.23,175,132,36.984,0.045,0.125,immature,4,2
6,118,20,12,2013,Patra2,trawl,mud,52.23,172,136,40.267,0.258,0.254,female,4,3
6,119,20,12,2013,Patra2,trawl,mud,52.23,131,98,16.029,0.014,,immature,0,2
6,120,20,12,2013,Patra2,trawl,mud,52.23,190,144,45.93,0.274,0.123,female,4,4
6,121,20,12,2013,Patra2,trawl,mud,52.23,184,142,47.02,0.432,0.298,female,4,3
6,122,20,12,2013,Patra2,trawl,mud,52.23,207,151,66.57,0.565,0.181,female,4,4
6,123,20,12,2013,Patra2,trawl,mud,52.23,154,117,26.395,,0.222,immature,1,3
6,124,20,12,2013,Patra2,trawl,mud,52.23,148,112,23.589,0.016,,immature,1,2
6,125,20,12,2013,Patra2,trawl,mud,52.23,133,101,17.452,0.081,0.03,male,4,2
6,126,20,12,2013,Patra2,trawl,mud,52.23,145,110,22.99,0.012,,male,1,2
6,127,20,12,2013,Patra2,trawl,mud,52.23,211,161,66.891,0.449,0.82,female,4,4
6,128,20,12,2013,Patra2,trawl,mud,52.23,182,141,44.943,0.235,0.335,female,4,4
6,129,20,12,2013,Patra2,trawl,mud,52.23,201,156,54.51,0.372,0.19,female,4,4
6,130,20,12,2013,Patra2,trawl,mud,52.23,188,140,44.193,0.017,0.264,immature,1,3
6,131,20,12,2013,Patra2,trawl,mud,52.23,196,158,58.481,0.376,0.397,male,4,4
6,132,20,12,2013,Patra2,trawl,mud,52.23,178,138,38.44,0.244,0.162,male,4,3
6,133,20,12,2013,Patra2,trawl,mud,52.23,195,150,49.146,0.312,0.32,female,4,4
6,134,20,12,2013,Patra2,trawl,mud,52.23,153,117,32.751,0.079,0.134,male,4,3
6,135,20,12,2013,Patra2,trawl,mud,52.23,143,109,22.512,0.114,0.141,male,4,3
6,136,20,12,2013,Patra2,trawl,mud,52.23,150,115,24.778,0.101,0.297,male,4,3
7,151,12,1,2014,Ag.Nikolaos………,gill,mud,77.75,210,166,76.84,0.318,0.161,female,4,4
7,152,12,1,2014,Ag.Nikolaos………,gill,mud,77.75,185,143,41.546,0.188,0.248,female,4,3
7,153,12,1,2014,Ag.Nikolaos………,gill,mud,77.75,174,132,36.333,0.187,0.135,female,4,3
7,154,12,1,2014,Ag.Nikolaos………,gill,mud,77.75,184,143,40.433,0.223,0.092,female,4,3
7,155,12,1,2014,Ag.Nikolaos………,gill,mud,77.75,157,119,26.953,0.149,0.089,female,4,2
7,156,12,1,2014,Ag.Nikolaos………,gill,mud,77.75,163,127,32.422,,0.275,immature,,3
7,157,12,1,2014,Ag.Nikolaos………,gill,mud,77.75,179,136,41.484,,,immature,,3
8,137,29,12,2013,Ag.Nikolaos………,trammel,mud,70.2,217,166,66.001,0.411,0.437,female,4,4
8,138,29,12,2013,Ag.Nikolaos………,trammel,mud,70.2,217,164,69.251,0.523,0.238,female,4,4
9,139,28,12,2013,Ag.Nikolaos………,trammel,mud,65.5,198,153,48.901,0.273,0.113,male,4,3
9,140,28,12,2013,Ag.Nikolaos………,trammel,mud,65.5,195,150,62.56,0.322,0.324,female,4,3
9,141,28,12,2013,Ag.Nikolaos………,trammel,mud,65.5,228,173,95.61,0.515,0.654,female,4,
9,142,28,12,2013,Ag.Nikolaos………,trammel,mud,65.5,203,159,69.897,0.519,0.317,female,4,3
9,143,28,12,2013,Ag.Nikolaos………,trammel,mud,65.5,186,142,44.793,0.264,0.174,male,4,4
9,144,28,12,2013,Ag.Nikolaos………,trammel,mud,65.5,158,119,30.954,0.143,,female,4,3
9,145,28,12,2013,Ag.Nikolaos………,trammel,mud,65.5,186,142,49.024,0.265,,female,4,3
9,146,28,12,2013,Ag.Nikolaos………,trammel,mud,65.5,201,154,66.552,0.428,1.272,female,4,4
9,147,28,12,2013,Ag.Nikolaos………,trammel,mud,65.5,212,161,57.9,0.335,0.074,male,4,
9,148,28,12,2013,Ag.Nikolaos………,trammel,mud,65.5,197,148,50.556,0.232,0.168,female,4,4
9,149,28,12,2013,Ag.Nikolaos………,trammel,mud,65.5,194,149,54.317,0.291,0.396,female,4,4
9,150,28,12,2013,Ag.Nikolaos………,trammel,mud,65.5,219,166,82.743,0.546,0.7,female,4,4
10,158,14,1,2014,Patra2,trawl,mud,51,147,108,22.666,0.014,0.04,immature,0,2
10,159,14,1,2014,Patra2,trawl,mud,51,170,127,35.361,0.01,,immature,0,3
10,160,14,1,2014,Patra2,trawl,mud,51,138,102,18.518,,,immature,0,2
10,161,14,1,2014,Patra2,trawl,mud,51,137,102,17.35,,,immature,0,2
10,162,14,1,2014,Patra2,trawl,mud,51,127,107,20.725,0.084,0.14,male,1,3
10,163,14,1,2014,Patra2,trawl,mud,51,157,122,29.948,0.163,,male,1,2
10,164,14,1,2014,Patra2,trawl,mud,51,157,115,25.177,0.023,0.037,immature,0,2
10,165,14,1,2014,Patra2,trawl,mud,51,150,114,22.47,0.097,0.048,female,1,3
10,166,14,1,2014,Patra2,trawl,mud,51,131,97,18.317,0.055,,male,1,2
10,167,14,1,2014,Patra2,trawl,mud,51,123,92,13.556,0.008,,male,1,2
10,168,14,1,2014,Patra2,trawl,mud,51,145,110,23.892,0.095,0.125,female,1,2
10,169,14,1,2014,Patra2,trawl,mud,51,138,104,21.234,0.092,0.062,female,1,2
10,170,14,1,2014,Patra2,trawl,mud,51,148,111,23.9,0.02,0.04,male,1,
10,171,14,1,2014,Patra2,trawl,mud,51,136,113,23.266,0.136,0.117,male,1,2
10,172,14,1,2014,Patra2,trawl,mud,51,122,94,14.032,0.118,,male,1,2
10,173,14,1,2014,Patra2,trawl,mud,51,128,97,15.805,0.054,,male,1,3
10,174,14,1,2014,Patra2,trawl,mud,51,144,107,22.091,0.096,0.081,male,1,2
10,175,14,1,2014,Patra2,trawl,mud,51,129,101,20.602,,,immature,0,2
10,176,14,1,2014,Patra2,trawl,mud,51,166,123,32.118,0.013,0.34,male,1,3
10,177,14,1,2014,Patra2,trawl,mud,51,143,105,20.852,0.006,0.06,immature,0,2
10,178,14,1,2014,Patra2,trawl,mud,51,166,124,32.426,0.041,0.278,male,1,3
10,179,14,1,2014,Patra2,trawl,mud,51,156,117,27.613,0.139,,male,2,2
10,180,14,1,2014,Patra2,trawl,mud,51,162,123,28.808,0.153,,female,2,3
10,181,14,1,2014,Patra2,trawl,mud,51,140,106,20.12,0.09,,immature,0,2
10,182,14,1,2014,Patra2,trawl,mud,51,134,99,16.213,0.078,0.023,male,1,2
10,183,14,1,2014,Patra2,trawl,mud,51,144,108,22.39,0.038,0.108,immature,0,2
10,184,14,1,2014,Patra2,trawl,mud,51,164,124,33.644,0.15,0.08,male,4,3
10,185,14,1,2014,Patra2,trawl,mud,51,121,90,11.915,,0.04,immature,0,2
10,186,14,1,2014,Patra2,trawl,mud,51,158,118,29.1,,0.146,immature,,2
10,187,14,1,2014,Patra2,trawl,mud,51,137,102,17.041,0.057,0.046,immature,0,2
10,188,14,1,2014,Patra2,trawl,mud,51,154,114,24.78,0.123,,male,2,2
10,189,14,1,2014,Patra2,trawl,mud,51,136,103,16.575,0.11,0.027,male,2,2
10,190,14,1,2014,Patra2,trawl,mud,51,128,97,15.375,,,immature,,2
10,191,14,1,2014,Patra2,trawl,mud,51,142,105,19.917,0.02,,male,1,2
10,192,14,1,2014,Patra2,trawl,mud,51,146,110,23.26,0.12,0.05,male,4,2
10,193,14,1,2014,Patra2,trawl,mud,51,132,99,15.912,0.02,0.07,immature,1,2
10,194,14,1,2014,Patra2,trawl,mud,51,154,116,26.241,0.034,0.084,male,1,2
10,195,14,1,2014,Patra2,trawl,mud,51,163,123,30.5,0.053,0.226,male,1,3
10,196,14,1,2014,Patra2,trawl,mud,51,178,136,44.733,0.219,0.15,male,4,3
10,197,14,1,2014,Patra2,trawl,mud,51,177,136,43.67,0.267,0.242,female,4,3
10,198,14,1,2014,Patra2,trawl,mud,51,132,98,16.225,,0.142,immature,0,2
10,199,14,1,2014,Patra2,trawl,mud,51,121,91,12.455,0.047,0.071,male,1,2
10,200,14,1,2014,Patra2,trawl,mud,51,145,111,19.243,0.082,,male,4,
10,201,14,1,2014,Patra2,trawl,mud,51,127,94,16.493,0.031,0.113,male,1,
10,202,14,1,2014,Patra2,trawl,mud,51,156,118,28.114,0.201,0.046,male,4,2
10,203,14,1,2014,Patra2,trawl,mud,51,128,96,21.217,0.074,0.112,female,1,2
10,204,14,1,2014,Patra2,trawl,mud,51,149,113,24.418,,0.262,immature,,2
10,205,14,1,2014,Patra2,trawl,mud,51,180,135,46.8,0.07,0.298,female,4,3
10,206,14,1,2014,Patra2,trawl,mud,51,159,119,26.935,0.021,0.157,male,1,2
10,207,14,1,2014,Patra2,trawl,mud,51,125,92,13.446,0.025,,male,1,2
10,208,14,1,2014,Patra2,trawl,mud,51,125,93,13.062,0.011,,male,1,2
10,209,14,1,2014,Patra2,trawl,mud,51,130,97,15.087,0.038,,male,1,2
10,210,14,1,2014,Patra2,trawl,mud,51,135,102,19.857,0.037,0.05,immature,0,2
10,211,14,1,2014,Patra2,trawl,mud,51,131,103,17.042,0.02,,male,1,2
11,212,28,2,2014,Ag.Nikolaos………,gill,mud,57.3,228,174,92.54,0.574,1.872,female,4,3
11,213,28,2,2014,Ag.Nikolaos………,gill,mud,57.3,222,170,82.9,0.557,0.597,male,4,
11,214,28,2,2014,Ag.Nikolaos………,gill,mud,57.3,198,151,53.261,0.282,0.657,male,4,3
11,215,28,2,2014,Ag.Nikolaos………,gill,mud,57.3,166,128,32.615,0.226,0.212,male,4,3
11,216,28,2,2014,Ag.Nikolaos………,gill,mud,57.3,148,110,23.9,0.127,0.113,male,4,2
11,217,28,2,2014,Ag.Nikolaos………,gill,mud,57.3,199,149,63.24,0.387,0.492,female,4,4
11,218,28,2,2014,Ag.Nikolaos………,gill,mud,57.3,176,135,46.445,0.267,0.676,male,2,3
11,219,28,2,2014,Ag.Nikolaos………,gill,mud,57.3,180,134,48.263,,0.45,immature,1,3
11,220,28,2,2014,Ag.Nikolaos………,gill,mud,57.3,215,164,75.091,,,immature,,2
11,221,28,2,2014,Ag.Nikolaos………,gill,mud,57.3,175,131,43.371,0.217,0.09,male,4,3
11,222,28,2,2014,Ag.Nikolaos………,gill,mud,57.3,200,153,62.933,0.361,1.229,female,4,4
11,223,28,2,2014,Ag.Nikolaos………,gill,mud,57.3,190,147,55.74,0.229,0.763,male,4,3
11,224,28,2,2014,Ag.Nikolaos………,gill,mud,57.3,199,153,68.612,0.464,0.754,female,4,4
12,267,28,3,2014,Ag.Nikolaos………,gill,mud,77.75,186,142,52.551,0.23,0.832,male,4,3
12,268,28,3,2014,Ag.Nikolaos………,gill,mud,77.75,225,172,92.01,0.764,1.279,female,4,3
12,269,28,3,2014,Ag.Nikolaos………,gill,mud,77.75,170,128,36.563,0.209,0.155,male,4,3
12,270,28,3,2014,Ag.Nikolaos………,gill,mud,77.75,160,119,24.76,0.111,0.134,male,4,3
12,271,28,3,2014,Ag.Nikolaos………,gill,mud,77.75,167,126,33.701,0.225,0.519,male,4,3
12,272,28,3,2014,Ag.Nikolaos………,gill,mud,77.75,181,137,50.726,0.325,0.498,male,4,3
12,273,28,3,2014,Ag.Nikolaos………,gill,mud,77.75,230,173,95.54,0.575,2.018,male,4,
12,274,28,3,2014,Ag.Nikolaos………,gill,mud,77.75,191,145,54.34,0.321,0.426,female,4,4
12,275,28,3,2014,Ag.Nikolaos………,gill,mud,77.75,202,155,61.376,0.355,0.376,male,4,4
12,276,28,3,2014,Ag.Nikolaos………,gill,mud,77.75,154,116,25.16,0.15,,male,4,3
12,277,28,3,2014,Ag.Nikolaos………,gill,mud,77.75,188,142,47.918,0.229,0.306,male,4,4
12,278,28,3,2014,Ag.Nikolaos………,gill,mud,77.75,157,116,25.403,,,immature,,3
13,225,8,2,2014,Dionysis,trammel,mud,60.06,224,170,85.934,0.56,1.722,male,4,4
13,226,8,2,2014,Dionysis,gill,mud,60.06,209,159,72.878,0.573,1.437,female,4,5
13,227,8,2,2014,Dionysis,gill,mud,60.06,203,154,61.837,0.39,0.55,male,4,4
13,228,8,2,2014,Dionysis,gill,mud,60.06,142,107,18.857,0.074,0.11,male,1,3
14,235,20,2,2014,Patra2,trawl,mud,52,210,159,70.229,0.507,,female,4,4
14,236,20,2,2014,Patra2,trawl,mud,52,181,137,45.013,0.208,,male,4,3
14,237,20,2,2014,Patra2,trawl,mud,52,125,94,13.696,,0.118,immature,1,2
14,238,20,2,2014,Patra2,trawl,mud,52,148,108,23.216,0.017,0.248,immature,1,2
14,239,20,2,2014,Patra2,trawl,mud,52,127,95,14.59,,0.085,immature,0,2
14,240,20,2,2014,Patra2,trawl,mud,52,205,156,60.056,0.283,0.449,male,4,3
14,241,20,2,2014,Patra2,trawl,mud,52,187,141,48.986,0.216,0.392,female,4,4
14,242,20,2,2014,Patra2,trawl,mud,52,176,135,39.967,0.209,0.079,male,4,3
14,243,20,2,2014,Patra2,trawl,mud,52,141,104,20.236,,0.169,immature,0,2
14,244,20,2,2014,Patra2,trawl,mud,52,167,124,35.172,0.04,0.455,immature,1,3
14,245,20,2,2014,Patra2,trawl,mud,52,232,178,88.96,0.483,0.366,male,4,4
14,246,20,2,2014,Patra2,trawl,mud,52,189,143,48.285,0.28,0.25,female,4,5
14,247,20,2,2014,Patra2,trawl,mud,52,185,139,46.052,0.154,0.285,male,4,4
14,248,20,2,2014,Patra2,trawl,mud,52,150,110,23.291,0.024,,immature,1,3
14,249,20,2,2014,Patra2,trawl,mud,52,182,136,45.049,0.261,0.662,male,4,3
14,250,20,2,2014,Patra2,trawl,mud,52,193,144,54.282,0.321,0.221,male,4,4
14,251,20,2,2014,Patra2,trawl,mud,52,172,130,37.438,0.205,0.501,male,4,3
14,252,20,2,2014,Patra2,trawl,mud,52,198,150,54.325,0.263,0.202,male,4,4
14,253,20,2,2014,Patra2,trawl,mud,52,176,132,40.396,0.203,0.208,male,4,3
14,254,20,2,2014,Patra2,trawl,mud,52,135,100,17.512,,,immature,0,2
14,255,20,2,2014,Patra2,trawl,mud,52,189,141,50.833,0.251,0.74,male,4,3
14,256,20,2,2014,Patra2,trawl,mud,52,140,104,21.876,0.021,0.184,immature,0,2
14,257,20,2,2014,Patra2,trawl,mud,52,166,124,29.093,0.136,,male,4,3
14,258,20,2,2014,Patra2,trawl,mud,52,148,108,21.634,0.1,0.113,male,1,2
14,259,20,2,2014,Patra2,trawl,mud,52,148,110,23.266,0.1,0.276,male,1,2
14,260,20,2,2014,Patra2,trawl,mud,52,188,140,53.121,0.23,0.388,female,4,3
14,261,20,2,2014,Patra2,trawl,mud,52,169,126,36.902,,0.204,immature,1,3
14,262,20,2,2014,Patra2,trawl,mud,52,177,129,41.519,0.005,0.362,immature,1,4
14,263,20,2,2014,Patra2,trawl,mud,52,162,118,31.52,0.02,0.392,immature,1,2
14,264,20,2,2014,Patra2,trawl,mud,52,155,116,25.39,0.125,0.117,male,1,2
14,265,20,2,2014,Patra2,trawl,mud,52,177,131,39.327,0.126,,male,4,3
14,266,20,2,2014,Patra2,trawl,mud,52,144,106,23.397,0.09,,male,1,3
15,229,9,2,2014,Ag.Nikolaos………,trammel,coralligene,21.4,190,144,49.612,0.247,0.421,female,4,3
15,230,9,2,2014,Ag.Nikolaos………,trammel,coralligene,21.4,187,142,48.875,0.36,0.447,male,4,3
15,231,9,2,2014,Ag.Nikolaos………,trammel,coralligene,21.4,176,132,42.167,0.217,0.348,male,4,3
15,232,9,2,2014,Ag.Nikolaos………,trammel,coralligene,21.4,225,172,98,0.813,1.963,female,4,4
15,233,9,2,2014,Ag.Nikolaos………,trammel,coralligene,21.4,196,145,53.52,0.315,0.319,female,4,4
15,234,9,2,2014,Ag.Nikolaos………,trammel,coralligene,21.4,165,126,37.988,0.114,1.1,female,4,3
16,286,27,4,2014,Dionysis,gill,mud,68.625,171,136,40.61,0.264,0.514,male,2,3
16,287,27,4,2014,Dionysis,gill,mud,68.625,162,124,32.635,0.201,0.282,female,2,2
16,288,27,4,2014,Dionysis,gill,mud,68.625,147,113,22.118,0.095,0.124,male,2,2
16,289,27,4,2014,Dionysis,gill,mud,68.625,149,116,24.817,0.024,0.275,male,1,2
16,290,27,4,2014,Dionysis,gill,mud,68.625,153,115,23.769,0.113,,male,2,2
17,291,30,4,2014,Ag.Nikolaos………,gill,rocky,51.24,204,159,63.217,0.349,0.925,female,4,3
17,292,30,4,2014,Ag.Nikolaos………,gill,rocky,51.24,197,153,60.157,0.341,0.515,male,2,4
17,293,30,4,2014,Ag.Nikolaos………,gill,rocky,51.24,199,148,62.148,0.338,0.382,female,2,3
17,294,30,4,2014,Ag.Nikolaos………,gill,rocky,51.24,173,132,43.58,0.243,0.624,male,2,3
17,295,30,4,2014,Ag.Nikolaos………,gill,rocky,51.24,203,154,62.69,0.403,0.768,male,4,4
17,296,30,4,2014,Ag.Nikolaos………,gill,rocky,51.24,191,145,61.553,0.333,0.88,male,2,4
17,297,30,4,2014,Ag.Nikolaos………,gill,rocky,51.24,203,157,66.634,0.372,0.736,female,4,4
17,298,30,4,2014,Ag.Nikolaos………,gill,rocky,51.24,183,141,49.401,0.266,1.077,male,2,4
17,299,30,4,2014,Ag.Nikolaos………,gill,rocky,51.24,220,170,89.8,0.617,0.65,female,4,5
18,279,24,3,2014,Ag.Nikolaos………,gill,mud,59.475,206,158,65.856,0.414,0.654,male,2,4
18,280,24,3,2014,Ag.Nikolaos………,gill,mud,59.475,177,135,39.567,0.178,0.314,male,4,4
18,281,24,3,2014,Ag.Nikolaos………,gill,mud,59.475,175,131,37.835,0.034,0.374,male,1,4
18,282,24,3,2014,Ag.Nikolaos………,gill,mud,59.475,147,111,21.014,0.08,0.182,male,1,2
19,283,20,3,2014,2aderfia,gill,mud,35,189,144,53.862,0.3,1.256,female,4,4
20,284,23,3,2014,Ag.Nikolaos………,trammel,mud,84.18,187,143,42.251,0.223,0.312,male,4,4
21,285,21,3,2014,Ag.Nikolaos………,gill,mud,51,177,136,41.503,0.124,0.593,male,4,3
22,300,30,4,2014,Ag.Nikolaos………,gill,mud,51.24,212,165,73.52,0.428,0.171,male,4,5
22,301,30,4,2014,Ag.Nikolaos………,gill,mud,51.24,190,145,56.027,0.429,0.824,male,2,4
22,302,30,4,2014,Ag.Nikolaos………,gill,mud,51.24,174,133,40.72,0.19,0.401,male,4,3
22,303,30,4,2014,Ag.Nikolaos………,gill,mud,51.24,205,158,55.012,0.902,,male,4,4
22,304,30,4,2014,Ag.Nikolaos………,gill,mud,51.24,185,142,48.338,0.363,0.149,male,4,4
23,305,4,5,2014,Ag.Nikolaos………,gill,mud,113.46,192,146,46.833,0.288,0.551,female,4,4
23,306,4,5,2014,Ag.Nikolaos………,gill,mud,113.46,184,141,42.26,0.233,0.805,female,2,4
23,307,4,5,2014,Ag.Nikolaos………,gill,mud,113.46,173,130,38.6,0.2,0.508,male,2,3
23,308,4,5,2014,Ag.Nikolaos………,gill,mud,113.46,184,140,39.494,0.23,0.586,male,4,4
23,309,4,5,2014,Ag.Nikolaos………,gill,mud,113.46,200,147,50.965,0.476,,male,4,5
24,310,29,5,2014,Ag.Nikolaos………,trammel,rocky,12,199,153,60.473,0.571,0.811,female,2,5
24,311,29,5,2014,Ag.Nikolaos………,trammel,rocky,12,221,170,91.281,0.524,1.956,male,2,5
24,312,29,5,2014,Ag.Nikolaos………,trammel,rocky,12,161,120,33.742,0.03,0.456,male,1,3
24,313,29,5,2014,Ag.Nikolaos………,trammel,rocky,12,189,143,49.86,0.32,0.235,male,4,4
24,314,29,5,2014,Ag.Nikolaos………,trammel,rocky,12,177,138,47.796,0.336,0.539,female,2,3
25,315,19,5,2014,Constantinos-Maria,trawl,mud,82.35,164,127,35.231,0.201,0.51,male,2,3
25,316,19,5,2014,Constantinos-Maria,trawl,mud,82.35,182,138,43.15,0.227,0.67,male,4,4
25,317,19,5,2014,Constantinos-Maria,trawl,mud,82.35,172,130,36.445,,1.517,male,1,3
25,318,19,5,2014,Constantinos-Maria,trawl,mud,82.35,157,118,31,0.149,0.594,male,2,3
25,319,19,5,2014,Constantinos-Maria,trawl,mud,82.35,130,100,16.777,0.124,0.187,male,1,2
25,320,19,5,2014,Constantinos-Maria,trawl,mud,82.35,154,119,28.46,0.209,0.585,male,4,3
25,321,19,5,2014,Constantinos-Maria,trawl,mud,82.35,162,125,29.556,0.234,0.101,male,2,3
25,322,19,5,2014,Constantinos-Maria,trawl,mud,82.35,152,116,26.083,0.188,0.167,male,2,3
25,323,19,5,2014,Constantinos-Maria,trawl,mud,82.35,134,112,18.098,0.121,0.084,male,2,2
25,324,19,5,2014,Constantinos-Maria,trawl,mud,82.35,136,113,20.729,0.132,0.247,male,2,2
25,325,19,5,2014,Constantinos-Maria,trawl,mud,82.35,161,121,34.652,,0.46,male,1,3
25,326,19,5,2014,Constantinos-Maria,trawl,mud,82.35,136,104,22.252,0.04,0.378,male,1,2
25,327,19,5,2014,Constantinos-Maria,trawl,mud,82.35,140,114,21.462,0.024,0.237,male,1,2
25,328,19,5,2014,Constantinos-Maria,trawl,mud,82.35,151,113,28.79,0.02,0.322,male,1,2
25,329,19,5,2014,Constantinos-Maria,trawl,mud,82.35,146,112,,0.037,0.214,male,1,2
26,330,3,5,2014,Ag.Nikolaos………,gill,mud,83.265,181,138,45.276,0.29,0.901,female,2,3
26,331,3,5,2014,Ag.Nikolaos………,gill,mud,83.265,191,150,44.787,0.12,0.27,female,1,4
26,332,3,5,2014,Ag.Nikolaos………,gill,mud,83.265,,141,53.246,0.39,1.043,male,2,2
26,333,3,5,2014,Ag.Nikolaos………,gill,mud,83.265,192,144,59.65,0.473,1.17,male,2,3
26,334,3,5,2014,Ag.Nikolaos………,gill,mud,83.265,190,146,51.405,0.275,0.501,male,4,3
26,335,3,5,2014,Ag.Nikolaos………,gill,mud,83.265,182,139,43.53,0.366,0.558,male,4,3
26,336,3,5,2014,Ag.Nikolaos………,gill,mud,83.265,171,131,36.794,0.201,0.149,male,2,3
26,337,3,5,2014,Ag.Nikolaos………,gill,mud,83.265,184,137,45.312,0.02,0.59,male,1,
26,338,3,5,2014,Ag.Nikolaos………,gill,mud,83.265,157,115,30.615,0.02,0.188,female,1,2
26,339,3,5,2014,Ag.Nikolaos………,gill,mud,83.265,147,109,23.184,0.037,0.247,female,1,2
27,476,27,6,2014,Ag.Nikolaos………,gill,mud,64.965,216,163,83.716,0.677,0.443,female,2,5
27,477,27,6,2014,Ag.Nikolaos………,gill,mud,64.965,201,154,61.95,0.3877,0.605,female,,4
27,478,27,6,2014,Ag.Nikolaos………,gill,mud,64.965,193,149,54.225,0.308,0.316,male,4,4
27,479,27,6,2014,Ag.Nikolaos………,gill,mud,64.965,203,156,62.74,0.025,0.2164,immature,1,4
27,480,27,6,2014,Ag.Nikolaos………,gill,mud,64.965,210,161,71.07,0.5066,0.6112,female,2,
27,481,27,6,2014,Ag.Nikolaos………,gill,mud,64.965,200,154,57.07,0.362,,male,4,4
27,482,27,6,2014,Ag.Nikolaos………,gill,mud,64.965,181,136,39.215,0.3165,0.3006,male,4,3
27,483,27,6,2014,Ag.Nikolaos………,gill,mud,64.965,160,122,27.983,0.257,,female,4,3
27,484,27,6,2014,Ag.Nikolaos………,gill,mud,64.965,172,128,38.442,,,immature,1,3
27,485,27,6,2014,Ag.Nikolaos………,gill,mud,64.965,177,131,37.836,0.034,0.293,male,1,3
27,486,27,6,2014,Ag.Nikolaos………,gill,mud,64.965,154,115,25.484,,,immature,,2
27,487,27,6,2014,Ag.Nikolaos………,gill,mud,64.965,175,133,42.957,0.1152,0.6591,female,2,3
27,488,27,6,2014,Ag.Nikolaos………,gill,mud,64.965,145,109,22.267,0.0167,,male,1,2
28,489,12,6,2014,Ag.Nikolaos………,gill,mud,100.65,188,144,50.78,,0.9473,immature,,4
28,490,12,6,2014,Ag.Nikolaos………,gill,mud,100.65,183,142,48.384,0.354,0.182,male,2,4
28,491,12,6,2014,Ag.Nikolaos………,gill,mud,100.65,188,143,56.398,0.62,0.605,male,2,4
28,492,12,6,2014,Ag.Nikolaos………,gill,mud,100.65,160,122,33.123,0.246,0.749,female,2,3
28,493,12,6,2014,Ag.Nikolaos………,gill,mud,100.65,171,128,33.076,0.117,0.4,male,1,2
29,371,26,7,2014,Ag.Nikolaos………,gill,mud,52.5,168,130,39.3536,0.0526,0.6377,male,1,3
29,372,26,7,2014,Ag.Nikolaos………,gill,mud,52.5,191,147,57.7372,1.3204,1.1347,male,2,4
29,373,26,7,2014,Ag.Nikolaos………,gill,mud,52.5,191,146,51.1099,0.8827,0.7139,male,2,4
29,374,26,7,2014,Ag.Nikolaos………,gill,mud,52.5,173,131,39.8005,0.4572,,male,4,4
29,375,26,7,2014,Ag.Nikolaos………,gill,mud,52.5,207,156,73.8153,1.9492,1.362,female,3,5
29,376,26,7,2014,Ag.Nikolaos………,gill,mud,52.5,178,137,43.0281,0.5044,0.7063,male,2,4
29,377,26,7,2014,Ag.Nikolaos………,gill,mud,52.5,198,152,59.3738,1.826,1.1651,female,2,4
29,378,26,7,2014,Ag.Nikolaos………,gill,mud,52.5,195,148,52.8041,0.7565,0.5243,female,2,4
29,379,26,7,2014,Ag.Nikolaos………,gill,mud,52.5,171,132,38.2267,0.3569,0.6343,male,2,3
29,380,26,7,2014,Ag.Nikolaos………,gill,mud,52.5,158,118,29.5739,0.0465,0.2668,male,1,2
29,381,26,7,2014,Ag.Nikolaos………,gill,mud,52.5,205,157,76.5934,1.8078,1.7554,male,2,5
29,382,26,7,2014,Ag.Nikolaos………,gill,mud,52.5,169,127,32.3254,0.0516,0.535,female,1,3
29,383,26,7,2014,Ag.Nikolaos………,gill,mud,52.5,176,133,40.6164,0.5462,,male,2,3
29,384,26,7,2014,Ag.Nikolaos………,gill,mud,52.5,172,131,38.5524,0.44,0.4391,female,4,3
30,398,2,8,2014,Ag.Nikolaos………,gill,mud,78,176,133,43.1423,0.8682,0.6379,female,2,3
30,399,2,8,2014,Ag.Nikolaos………,gill,mud,78,168,127,33.3504,0.7352,2.156,female,2,3
30,400,2,8,2014,Ag.Nikolaos………,gill,mud,78,184,140,50.3788,0.5885,1.3911,female,2,4
30,401,2,8,2014,Ag.Nikolaos………,gill,mud,78,179,135,46.1361,1.1384,1.351,female,2,3
30,402,2,8,2014,Ag.Nikolaos………,gill,mud,78,158,118,28.3092,0.0407,0.5454,female,1,2
30,403,2,8,2014,Ag.Nikolaos………,gill,mud,78,190,145,50.4546,1.0753,1.4063,female,2,3
30,404,2,8,2014,Ag.Nikolaos………,gill,mud,78,184,141,53.0762,0.6991,1.0728,female,2,3
30,405,2,8,2014,Ag.Nikolaos………,gill,mud,78,173,133,37.3646,0.5899,0.8508,male,2,3
30,406,2,8,2014,Ag.Nikolaos………,gill,mud,78,144,108,23.3277,0.2384,0.2581,female,1,2
30,407,2,8,2014,Ag.Nikolaos………,gill,mud,78,145,108,22.0016,,0.3268,immature,,2
30,408,2,8,2014,Ag.Nikolaos………,gill,mud,78,154,116,25.5732,0.0397,0.4656,immature,0,2
30,409,2,8,2014,Ag.Nikolaos………,gill,mud,78,172,128,35.0985,0.4725,0.7091,female,4,2
30,410,2,8,2014,Ag.Nikolaos………,gill,mud,78,234,183,108.0992,1.733,2.7519,female,2,4
30,411,2,8,2014,Ag.Nikolaos………,gill,mud,78,190,146,59.2285,0.7688,1.579,female,2,3
30,412,2,8,2014,Ag.Nikolaos………,gill,mud,78,187,139,44.378,0.0386,1.335,immature,0,4
30,413,2,8,2014,Ag.Nikolaos………,gill,mud,78,193,143,48.9913,0.0764,0.988,immature,0,
30,414,2,8,2014,Ag.Nikolaos………,gill,mud,78,172,129,35.2141,0.0299,0.55,immature,0,3
30,415,2,8,2014,Ag.Nikolaos………,gill,mud,78,181,137,44.3945,0.8634,0.7347,male,2,3
30,416,2,8,2014,Ag.Nikolaos………,gill,mud,78,203,153,73.551,1.6573,2.3523,female,3,4
30,417,2,8,2014,Ag.Nikolaos………,gill,mud,78,185,140,45.4875,0.5962,0.6734,male,2,3
30,418,2,8,2014,Ag.Nikolaos………,gill,mud,78,182,139,45.7856,0.4928,1.4094,female,3,3
30,419,2,8,2014,Ag.Nikolaos………,gill,mud,78,167,123,31.6324,0.0449,0.4892,immature,0,3
30,420,2,8,2014,Ag.Nikolaos………,gill,mud,78,162,122,33.8556,0.0526,1.121,immature,0,3
30,421,2,8,2014,Ag.Nikolaos………,gill,mud,78,197,148,62.4827,0.7071,1.5773,male,2,4
30,422,2,8,2014,Ag.Nikolaos………,gill,mud,78,181,139,44.6216,1.2635,0.4876,female,3,3
30,423,2,8,2014,Ag.Nikolaos………,gill,mud,78,187,125,36.1703,0.3631,0.6349,male,2,4
30,424,2,8,2014,Ag.Nikolaos………,gill,mud,78,148,111,25.4635,0.2539,0.507,male,1,2
31,385,17,7,2014,Ag.Nikolaos………,gill,mud,72.8,207,154,63.6815,0.9317,2.9035,male,2,4
31,386,17,7,2014,Ag.Nikolaos………,gill,mud,72.8,227,169,87.3148,1.0341,0.8584,male,4,
31,387,17,7,2014,Ag.Nikolaos………,gill,mud,72.8,174,135,42.9634,0.3885,0.9594,female,2,3
31,388,17,7,2014,Ag.Nikolaos………,gill,mud,72.8,171,128,41.6355,0.3057,0.7699,male,1,3
31,389,17,7,2014,Ag.Nikolaos………,gill,mud,72.8,189,148,55.2758,0.6184,1.5561,male,2,4
31,390,17,7,2014,Ag.Nikolaos………,gill,mud,72.8,145,109,22.7915,0.0108,0.3132,immature,0,2
31,391,17,7,2014,Ag.Nikolaos………,gill,mud,72.8,181,137,40.746,0.4463,,male,4,3
31,392,17,7,2014,Ag.Nikolaos………,gill,mud,72.8,202,154,70.9748,0.7514,1.8752,male,3,4
31,393,17,7,2014,Ag.Nikolaos………,gill,mud,72.8,195,150,69.0631,0.801,2.1792,male,2,
31,394,17,7,2014,Ag.Nikolaos………,gill,mud,72.8,159,123,30.4593,0.2154,0.2303,male,4,2
31,395,17,7,2014,Ag.Nikolaos………,gill,mud,72.8,171,128,38.1906,0.2596,0.5549,male,1,3
31,396,17,7,2014,Ag.Nikolaos………,gill,mud,72.8,186,142,50.4275,0.454,0.9053,female,1,4
31,397,17,7,2014,Ag.Nikolaos………,gill,mud,72.8,186,140,49.584,0.4906,0.9646,male,1,4
32,444,13,9,2014,Ag.Nikolaos………,gill,mud,86.5,160,121,29.5683,0.2093,0.1474,female,4,3
32,445,13,9,2014,Ag.Nikolaos………,gill,mud,86.5,173,139,40.9928,0.1972,0.6955,female,4,3
32,446,13,9,2014,Ag.Nikolaos………,gill,mud,86.5,175,132,41.6324,0.2199,0.4866,male,4,3
35,366,6,6,2014,Ag.Nikolaos………,gill,mud,23.5,168,128,39.5324,0.1804,0.6521,male,1,3
35,367,6,6,2014,Ag.Nikolaos………,gill,mud,23.5,235,180,113.57,1.1293,1.7961,male,2,5
35,368,6,6,2014,Ag.Nikolaos………,gill,mud,23.5,201,152,64.4307,0.47,1.1297,male,1,4
35,369,6,6,2014,Ag.Nikolaos………,gill,mud,23.5,178,136,42.7725,0.2775,0.7218,male,1,3
35,370,6,6,2014,Ag.Nikolaos………,gill,mud,23.5,153,118,25.3361,0.1147,0.2449,male,1,2
36,425,3,8,2014,Ag.Nikolaos………,gill,mud,58.5,159,121,29.3754,0.5735,0.558,female,2,2
36,426,3,8,2014,Ag.Nikolaos………,gill,mud,58.5,201,155,68.4888,0.5574,1.4506,male,1,4
36,427,3,8,2014,Ag.Nikolaos………,gill,mud,58.5,181,134,43.8419,0.0426,1.2867,immature,0,4
36,428,3,8,2014,Ag.Nikolaos………,gill,mud,58.5,205,154,74.53,2.456,2.4646,female,3,5
36,429,3,8,2014,Ag.Nikolaos………,gill,mud,58.5,172,128,40.8823,0.0838,1.0027,immature,0,3
36,430,3,8,2014,Ag.Nikolaos………,gill,mud,58.5,202,153,64.8,1.3603,1.5976,male,3,5
36,431,3,8,2014,Ag.Nikolaos………,gill,mud,58.5,169,127,35.1864,0.9303,0.6296,female,3,3
36,432,3,8,2014,Ag.Nikolaos………,gill,mud,58.5,170,130,38.9412,0.9929,0.8336,male,3,3
36,433,3,8,2014,Ag.Nikolaos………,gill,mud,58.5,158,117,28.1007,0.0307,0.3063,immature,0,2
36,434,3,8,2014,Ag.Nikolaos………,gill,mud,58.5,214,166,84.43,2.1817,2.197,female,2,4
36,435,3,8,2014,Ag.Nikolaos………,gill,mud,58.5,180,130,40.1984,0.0764,0.6936,immature,0,4
36,436,3,8,2014,Ag.Nikolaos………,gill,mud,58.5,192,149,56.0129,1.7997,1.3593,female,3,4
36,437,3,8,2014,Ag.Nikolaos………,gill,mud,58.5,163,113,27.9287,0.502,0.5905,female,3,3
36,438,3,8,2014,Ag.Nikolaos………,gill,mud,58.5,155,118,23.128,0.0319,0.4242,immature,0,3
36,439,3,8,2014,Ag.Nikolaos………,gill,mud,58.5,180,130,40.7178,0.0667,0.6163,immature,0,3
36,440,3,8,2014,Ag.Nikolaos………,gill,mud,58.5,153,115,27.1476,0.0448,0.6042,immature,0,2
36,441,3,8,2014,Ag.Nikolaos………,gill,mud,58.5,163,122,32.858,0.6776,0.4364,female,3,3
36,442,3,8,2014,Ag.Nikolaos………,gill,mud,58.5,158,119,28.1491,0.0426,0.5367,immature,0,3
36,443,3,8,2014,Ag.Nikolaos………,gill,mud,58.5,189,139,49.5191,1.3802,1.4844,male,2,
37,447,13,10,2014,Ag.Nikolaos………,gill,mud,86.5,167,125,31.9801,0.0652,0.5377,immature,0,3
37,448,13,10,2014,Ag.Nikolaos………,gill,mud,86.5,178,140,37.6234,0.7887,0.5401,female,4,4
37,449,13,10,2014,Ag.Nikolaos………,gill,mud,86.5,182,135,42.5736,0.0647,0.5222,immature,0,
37,450,13,10,2014,Ag.Nikolaos………,gill,mud,86.5,184,138,42.3369,0.0566,0.4832,immature,0,4
37,451,13,10,2014,Ag.Nikolaos………,gill,mud,86.5,167,124,30.1926,0.04,0.3529,immature,0,3
37,452,13,10,2014,Ag.Nikolaos………,gill,mud,86.5,186,138,42.1572,0.0624,1.0788,immature,0,4
37,453,13,10,2014,Ag.Nikolaos………,gill,mud,86.5,184,141,49.2544,1.3681,0.9117,female,2,4
37,454,13,10,2014,Ag.Nikolaos………,gill,mud,86.5,220,169,73.89,1.7734,1.4551,female,2,4
37,455,13,10,2014,Ag.Nikolaos………,gill,mud,86.5,155,118,26.9137,0.0275,0.3524,immature,0,2
37,456,13,10,2014,Ag.Nikolaos………,gill,mud,86.5,175,133,40.431,0.0629,0.5749,immature,0,3
37,457,13,10,2014,Ag.Nikolaos………,gill,mud,86.5,176,134,35.0343,0.1471,0.4537,male,1,3
37,458,13,10,2014,Ag.Nikolaos………,gill,mud,86.5,165,126,29.955,0.7471,0.531,female,4,3
37,459,13,10,2014,Ag.Nikolaos………,gill,mud,86.5,149,114,22.384,0.6261,,male,4,3
37,460,13,10,2014,Ag.Nikolaos………,gill,mud,86.5,166,123,32.8565,0.0604,0.3574,immature,0,3
37,461,13,10,2014,Ag.Nikolaos………,gill,mud,86.5,160,117,27.0021,0.0354,0.2741,immature,0,3
37,462,13,10,2014,Ag.Nikolaos………,gill,mud,86.5,163,124,29.8279,0.8548,0.4802,male,3,3
37,463,13,10,2014,Ag.Nikolaos………,gill,mud,86.5,198,151,54.8582,0.8185,0.5281,female,3,4
37,464,13,10,2014,Ag.Nikolaos………,gill,mud,86.5,158,118,24.9786,0.0552,0.4593,immature,0,3
37,465,13,10,2014,Ag.Nikolaos………,gill,mud,86.5,172,131,39.2441,0.8209,0.6521,female,3,4
37,466,13,10,2014,Ag.Nikolaos………,gill,mud,86.5,175,131,37.3829,0.0559,0.2899,immature,0,3
37,467,13,10,2014,Ag.Nikolaos………,gill,mud,86.5,178,135,38.7979,0.069,0.2978,immature,0,3
37,468,13,10,2014,Ag.Nikolaos………,gill,mud,86.5,173,130,35.2548,0.0807,0.3226,immature,0,3
37,469,13,10,2014,Ag.Nikolaos………,gill,mud,86.5,147,111,22.1127,0.0475,0.2177,immature,0,2
37,470,13,10,2014,Ag.Nikolaos………,gill,mud,86.5,179,136,39.1102,0.1186,0.4471,immature,0,4
37,471,13,10,2014,Ag.Nikolaos………,gill,mud,86.5,173,133,38.409,0.7273,0.5528,immature,0,3
37,472,13,10,2014,Ag.Nikolaos………,gill,mud,86.5,146,107,23.2245,0.0279,0.1983,immature,0,2
37,473,13,10,2014,Ag.Nikolaos………,gill,mud,86.5,168,125,29.8698,,0.4578,immature,,3
37,474,13,10,2014,Ag.Nikolaos………,gill,mud,86.5,194,147,47.6035,0.103,0.4104,immature,0,4
37,475,13,10,2014,Ag.Nikolaos………,gill,mud,86.5,168,127,35.245,0.0651,0.402,immature,0,3
38,494,14,1,2014,Patra2,trawl,mud,51,150,112,23.4985,0.0438,0.1025,immature,0,2
38,495,14,1,2014,Patra2,trawl,mud,51,183,141,40.7778,0.2499,0.1931,male,4,4
38,496,14,1,2014,Patra2,trawl,mud,51,177,135,41.3157,0.1932,0.1502,male,4,3
38,497,14,1,2014,Patra2,trawl,mud,51,142,104,19.9425,0.086,0.0556,male,1,2
38,498,14,1,2014,Patra2,trawl,mud,51,123,92,12.8108,0.0333,0.0566,immature,0,2
38,499,14,1,2014,Patra2,trawl,mud,51,156,118,27.0961,0.0245,0.1115,immature,0,3
38,500,14,1,2014,Patra2,trawl,mud,51,138,104,19.2148,0.0923,0.043,male,1,2
38,501,14,1,2014,Patra2,trawl,mud,51,132,101,16.2416,0.0957,0.0911,male,1,2
38,502,14,1,2014,Patra2,trawl,mud,51,121,90,12.1561,,,immature,,2
38,503,14,1,2014,Patra2,trawl,mud,51,150,14,24.9042,0.1367,0.0798,female,1,2
38,504,14,1,2014,Patra2,trawl,mud,51,138,107,23.0261,0.0668,0.2407,male,1,2
39,505,14,10,2014,Ag.Nikolaos………,gill,mud,86.5,185,142,49.9358,1.2076,0.8619,female,2,4
39,506,14,10,2014,Ag.Nikolaos………,gill,mud,86.5,149,110,23.0369,0.0411,0.1884,immature,0,2
39,507,14,10,2014,Ag.Nikolaos………,gill,mud,86.5,184,139,43.7773,0.0527,0.6427,immature,0,4
39,508,14,10,2014,Ag.Nikolaos………,gill,mud,86.5,165,124,29.8543,0.0475,0.1835,immature,0,3
39,509,14,10,2014,Ag.Nikolaos………,gill,mud,86.5,196,149,53.9029,1.5023,0.683,male,2,4
39,510,14,10,2014,Ag.Nikolaos………,gill,mud,86.5,172,130,39.8073,1.3726,0.8101,female,2,3
39,511,14,10,2014,Ag.Nikolaos………,gill,mud,86.5,191,143,48.4623,0.093,0.6196,immature,0,4
39,512,14,10,2014,Ag.Nikolaos………,gill,mud,86.5,154,156,26.7319,0.0475,0.3907,immature,0,3
39,513,14,10,2014,Ag.Nikolaos………,gill,mud,86.5,182,135,42.4228,0.0805,0.4884,immature,0,4
39,514,14,10,2014,Ag.Nikolaos………,gill,mud,86.5,176,134,40.1053,0.7012,0.3308,male,1,3
39,515,14,10,2014,Ag.Nikolaos………,gill,mud,86.5,146,110,20.1634,0.0338,0.2593,immature,0,2
39,516,14,10,2014,Ag.Nikolaos………,gill,mud,86.5,181,138,44.1346,1.3315,0.7646,female,2,4
39,517,14,10,2014,Ag.Nikolaos………,gill,mud,86.5,185,138,43.3135,1.0436,0.499,female,2,4
39,518,14,10,2014,Ag.Nikolaos………,gill,mud,86.5,163,121,30.828,0.0726,,immature,0,3
39,519,14,10,2014,Ag.Nikolaos………,gill,mud,86.5,180,134,38.384,0.0678,0.6974,immature,0,4
39,520,14,10,2014,Ag.Nikolaos………,gill,mud,86.5,181,137,41.6718,0.9698,0.3316,male,4,4
39,521,14,10,2014,Ag.Nikolaos………,gill,mud,86.5,177,133,39.1261,0.1007,0.285,immature,0,3
39,522,14,10,2014,Ag.Nikolaos………,gill,mud,86.5,199,151,55.5101,0.1049,0.3104,female,4,4
39,523,14,10,2014,Ag.Nikolaos………,gill,mud,86.5,177,129,39.0654,0.0646,0.3053,immature,0,3
39,524,14,10,2014,Ag.Nikolaos………,gill,mud,86.5,181,138,42.9578,1.2016,0.6606,male,2,4
39,525,14,10,2014,Ag.Nikolaos………,gill,mud,86.5,169,128,33.3508,0.0511,0.1758,immature,0,3
39,526,14,10,2014,Ag.Nikolaos………,gill,mud,86.5,206,154,58.9447,1.2986,0.5878,female,4,4
39,527,14,10,2014,Ag.Nikolaos………,gill,mud,86.5,169,127,33.8564,0.0757,0.4603,immature,0,3
39,528,14,10,2014,Ag.Nikolaos………,gill,mud,86.5,189,143,50.4924,1.3691,0.5489,male,2,3
23,529,4,5,2014,Ag.Nikolaos………,gill,mud,113.46,215,167,76.28,0.473,1.283,female,2,5
23,530,4,5,2014,Ag.Nikolaos………,gill,mud,113.46,194,148,50.16,0.234,,male,4,4
23,531,4,5,2014,Ag.Nikolaos………,gill,mud,113.46,170,127,34.583,0.027,0.055,male,1,3
23,532,4,5,2014,Ag.Nikolaos………,gill,mud,113.46,203,157,60.57,0.362,0.905,female,4,5
23,533,4,5,2014,Ag.Nikolaos………,gill,mud,113.46,181,140,37.55,0.234,0.389,male,4,4
23,534,4,5,2014,Ag.Nikolaos………,gill,mud,113.46,190,147,55.756,0.195,0.357,male,2,4
23,535,4,5,2014,Ag.Nikolaos………,gill,mud,113.46,188,146,55.452,0.299,1.171,male,2,4
